time,Emitted_bb,ch26
0.0,0.00168,-4.7687500000000095e-05
2e-10,0.0014559375,-0.00015081250000000012
4e-10,0.0017840625,-4.7687500000000095e-05
6e-10,0.001711875,-5.0812500000000076e-05
8e-10,0.0016190625,-0.0001008125000000001
1e-09,0.0017409375,5.4374999999999086e-06
1.2e-09,0.00165,0.0002054374999999999
1.4e-09,0.0018,-8.125000000000536e-07
1.6e-09,0.00168,-0.00015081250000000012
1.8e-09,0.0015759375,5.231249999999995e-05
2e-09,0.0017540625,0.0002554374999999999
2.2e-09,0.001636875,-0.0004039375000000001
2.4e-09,0.0017521875,-0.0002976875000000001
2.6e-09,0.0018309375,0.00040543749999999993
2.8e-09,0.0016490625,8.56249999999989e-06
3e-09,0.0016490625,5.231249999999995e-05
3.2e-09,0.0017409375,0.00019606249999999995
3.4e-09,0.0017540625,-4.143750000000013e-05
3.6e-09,0.0017690625,0.0003929374999999999
3.8e-09,0.001651875,-9.143750000000005e-05
4e-09,0.0018009375,4.918749999999997e-05
4.2e-09,0.001755,-9.768750000000012e-05
4.4e-09,0.00171,-0.00014768750000000003
4.6e-09,0.001755,-5.0812500000000076e-05
4.8e-09,0.001725,-0.0002476875000000001
5e-09,0.001755,-8.125000000000536e-07
5.2e-09,0.001753125,-0.00014456250000000005
5.4e-09,0.001785,-0.00019768750000000006
5.6e-09,0.001815,-0.00014456250000000005
5.8e-09,0.0017559375,-8.125000000000536e-07
6e-09,0.0019040625,0.00010231249999999997
6.2e-09,0.001755,0.00019918749999999993
6.4e-09,0.0016790625,-0.00014768750000000003
6.6e-09,0.0018159375,0.0002023124999999999
6.8e-09,0.0016640625,-0.0002945625
7e-09,0.0017409375,-8.125000000000536e-07
7.2e-09,0.0016659375,-4.7687500000000095e-05
7.4e-09,0.0017090625,-0.0004539375
7.6e-09,0.0018459375,0.0005085624999999999
7.8e-09,0.0016940625,9.60624999999999e-05
8e-09,0.0017559375,-0.00044768750000000006
8.2e-09,0.001725,0.00030543749999999994
8.4e-09,0.0018909375,-0.0002476875000000001
8.6e-09,0.0017690625,-0.00014768750000000003
8.8e-09,0.0015890625,0.0004523124999999999
9e-09,0.0019809375,-4.4562500000000114e-05
9.2e-09,0.001905,-8.125000000000536e-07
9.4e-09,0.0017240625,-9.456250000000003e-05
9.6e-09,0.0018909375,0.0002991874999999999
9.8e-09,0.0016940625,9.918749999999988e-05
1e-08,0.001635,-4.7687500000000095e-05
1.02e-08,0.001695,-0.00015081250000000012
1.04e-08,0.00168,0.0002554374999999999
1.06e-08,0.0018890625,2.3124999999999275e-06
1.08e-08,0.0018,-4.4562500000000114e-05
1.1e-08,0.0018459375,-0.00025081250000000006
1.12e-08,0.001845,-9.768750000000012e-05
1.14e-08,0.0017109375,2.3124999999999275e-06
1.16e-08,0.00177,0.0002023124999999999
1.18e-08,0.00156,0.00034918749999999994
1.2e-08,0.001755,-0.0002476875000000001
1.22e-08,0.00183,0.0001491874999999999
1.24e-08,0.00168,0.00030543749999999994
1.26e-08,0.0018159375,0.00030543749999999994
1.28e-08,0.001935,-0.00014456250000000005
1.3e-08,0.0017690625,-0.00010393750000000008
1.32e-08,0.001665,0.00040231249999999995
1.34e-08,0.0019040625,0.0002023124999999999
1.36e-08,0.002385,4.918749999999997e-05
1.38e-08,0.0031640625,-0.0002476875000000001
1.4e-08,0.005011875,-0.0003508125000000001
1.42e-08,0.007918125,2.3124999999999275e-06
1.44e-08,0.011775,-8.125000000000536e-07
1.46e-08,0.01647,0.0002023124999999999
1.48e-08,0.02151,0.00025231249999999993
1.5e-08,0.0263709375,2.3124999999999275e-06
1.52e-08,0.03018,0.00019918749999999993
1.54e-08,0.031875,-0.0001539375000000001
1.56e-08,0.03219,0.0001523124999999999
1.58e-08,0.0321759375,-0.0002945625
1.6e-08,0.03222,-4.4562500000000114e-05
1.62e-08,0.0323559375,0.0002991874999999999
1.64e-08,0.032473125,5.4374999999999086e-06
1.66e-08,0.032626875,-4.7687500000000095e-05
1.68e-08,0.032446875,-4.4562500000000114e-05
1.7e-08,0.032205,0.00029606249999999994
1.72e-08,0.0319059375,9.918749999999988e-05
1.74e-08,0.031275,5.856249999999991e-05
1.76e-08,0.0304659375,5.231249999999995e-05
1.78e-08,0.029713125,-0.00034456250000000014
1.8e-08,0.028875,0.00019918749999999993
1.82e-08,0.02805,-4.4562500000000114e-05
1.84e-08,0.0274190625,5.4374999999999086e-06
1.86e-08,0.0266090625,0.0002023124999999999
1.88e-08,0.025965,-0.00014768750000000003
1.9e-08,0.0251390625,0.00010231249999999997
1.92e-08,0.0242259375,-0.0004039375000000001
1.94e-08,0.023925,-4.7687500000000095e-05
1.96e-08,0.0231,0.0003554374999999999
1.98e-08,0.022396875,-0.0003008125
2e-08,0.021915,-0.00014143750000000007
2.02e-08,0.0212709375,-8.125000000000536e-07
2.04e-08,0.0207,-0.0003914375000000002
2.06e-08,0.0201590625,-0.0003008125
2.08e-08,0.019816875,5.543749999999993e-05
2.1e-08,0.019123125,-0.00014143750000000007
2.12e-08,0.01851,0.0003523124999999999
2.14e-08,0.0182559375,4.918749999999997e-05
2.16e-08,0.01758,5.4374999999999086e-06
2.18e-08,0.0171159375,-0.00020393750000000013
2.2e-08,0.0166959375,-0.00014768750000000003
2.22e-08,0.0162,0.00010231249999999997
2.24e-08,0.01596,-0.00025393750000000004
2.26e-08,0.015481875,5.543749999999993e-05
2.28e-08,0.0150440625,5.231249999999995e-05
2.3e-08,0.0147309375,-9.768750000000012e-05
2.32e-08,0.0142490625,5.231249999999995e-05
2.34e-08,0.013965,5.4374999999999086e-06
2.36e-08,0.0137259375,0.0002054374999999999
2.38e-08,0.0131859375,-0.00015081250000000012
2.4e-08,0.012915,-0.0003539375
2.42e-08,0.012675,0.00015543749999999987
2.44e-08,0.012315,4.918749999999997e-05
2.46e-08,0.0119840625,-4.7687500000000095e-05
2.48e-08,0.011776875,0.0006960625
2.5e-08,0.0115040625,0.0002554374999999999
2.52e-08,0.0111159375,2.3124999999999275e-06
2.54e-08,0.0108740625,-0.0002445625000000001
2.56e-08,0.01068,-0.00014768750000000003
2.58e-08,0.0105309375,0.00025231249999999993
2.6e-08,0.01032,-0.00014768750000000003
2.62e-08,0.0100359375,-0.0001539375000000001
2.64e-08,0.009795,0.00044918749999999993
2.66e-08,0.0095859375,0.00040231249999999995
2.68e-08,0.0094509375,5.543749999999993e-05
2.7e-08,0.009165,0.0001523124999999999
2.72e-08,0.0088940625,0.0002023124999999999
2.74e-08,0.0088209375,9.918749999999988e-05
2.76e-08,0.0086259375,0.00010231249999999997
2.78e-08,0.008428125,-4.4562500000000114e-05
2.8e-08,0.008325,-0.0002445625000000001
2.82e-08,0.00813,-0.00020393750000000013
2.84e-08,0.0079959375,-4.4562500000000114e-05
2.86e-08,0.0078440625,0.00015543749999999987
2.88e-08,0.007545,-0.0001539375000000001
2.9e-08,0.0073790625,5.856249999999991e-05
2.92e-08,0.0073509375,0.00010231249999999997
2.94e-08,0.007455,-0.0003008125
2.96e-08,0.007245,0.0001523124999999999
2.98e-08,0.0069440625,0.00025231249999999993
3e-08,0.006765,-3.937500000000035e-06
3.02e-08,0.0067209375,5.4374999999999086e-06
3.04e-08,0.0067040625,-0.0001008125000000001
3.06e-08,0.0067490625,0.0001491874999999999
3.08e-08,0.0067809375,0.00010231249999999997
3.1e-08,0.006583125,-0.0001914375000000001
3.12e-08,0.00666,2.3124999999999275e-06
3.14e-08,0.0066,-0.0002476875000000001
3.16e-08,0.00639,5.4374999999999086e-06
3.18e-08,0.0062559375,0.0001523124999999999
3.2e-08,0.0061340625,5.231249999999995e-05
3.22e-08,0.0057740625,-3.937500000000035e-06
3.24e-08,0.00522,-0.00019456250000000007
3.26e-08,0.0048290625,-0.00025081250000000006
3.28e-08,0.0044859375,-0.0001008125000000001
3.3e-08,0.00399,0.00015856249999999996
3.32e-08,0.0037659375,0.00040231249999999995
3.34e-08,0.0035259375,-0.00014456250000000005
3.36e-08,0.0032540625,-0.00015081250000000012
3.38e-08,0.0030140625,0.0001523124999999999
3.4e-08,0.002835,0.00010231249999999997
3.42e-08,0.0027,-0.00014768750000000003
3.44e-08,0.0024,-0.00039768750000000015
3.46e-08,0.0024,-0.0002476875000000001
3.48e-08,0.002311875,4.918749999999997e-05
3.5e-08,0.002023125,5.231249999999995e-05
3.52e-08,0.0019209375,-9.768750000000012e-05
3.54e-08,0.0016790625,2.3124999999999275e-06
3.56e-08,0.0016059375,0.0001491874999999999
3.58e-08,0.0016940625,-9.456250000000003e-05
3.6e-08,0.0014840625,-0.00015081250000000012
3.62e-08,0.0014109375,5.543749999999993e-05
3.64e-08,0.0013190625,-4.7687500000000095e-05
3.66e-08,0.001171875,-0.0001914375000000001
3.68e-08,0.0010340625,9.918749999999988e-05
3.7e-08,0.000976875,-9.768750000000012e-05
3.72e-08,0.00093,-4.4562500000000114e-05
3.74e-08,0.00102,-9.768750000000012e-05
3.76e-08,0.001125,0.0001491874999999999
3.78e-08,0.0009290625,-0.00019768750000000006
3.8e-08,0.000765,-0.00020081250000000004
3.82e-08,0.0008109375,-0.00015081250000000012
3.84e-08,0.00081,0.0002023124999999999
3.86e-08,0.00081,0.0002054374999999999
3.88e-08,0.000883125,-5.0812500000000076e-05
3.9e-08,0.00078,0.0001491874999999999
3.92e-08,0.0006759375,-0.00010706250000000006
3.94e-08,0.0006890625,0.00010231249999999997
3.96e-08,0.000735,5.543749999999993e-05
3.98e-08,0.0007359375,-0.00015081250000000012
4e-08,0.0007321875,0.00015543749999999987
4.02e-08,0.000765,-0.00025081250000000006
4.04e-08,0.00075,0.0002054374999999999
4.06e-08,0.0006590625,0.0002023124999999999
4.08e-08,0.0007059375,-0.00014768750000000003
4.1e-08,0.000735,0.0002991874999999999
4.12e-08,0.0007490625,5.543749999999993e-05
4.14e-08,0.000675,2.3124999999999275e-06
4.16e-08,0.000781875,0.00030543749999999994
4.18e-08,0.0008390625,-0.0002476875000000001
4.2e-08,0.0007490625,-0.0004008125
4.22e-08,0.000796875,8.56249999999989e-06
4.24e-08,0.0009,-0.00019768750000000006
4.26e-08,0.0008090625,-4.7687500000000095e-05
4.28e-08,0.0007959375,9.918749999999988e-05
4.3e-08,0.0009,-0.00039768750000000015
4.32e-08,0.0009740625,-0.00034143750000000005
4.34e-08,0.00093,-0.00014768750000000003
4.36e-08,0.00096,-0.00019768750000000006
4.38e-08,0.00093,-4.7687500000000095e-05
4.4e-08,0.001095,-0.0004008125
4.42e-08,0.0010940625,-0.0004976875
4.44e-08,0.0009440625,0.00010231249999999997
4.46e-08,0.001245,-0.00025081250000000006
4.48e-08,0.00117,0.0001491874999999999
4.5e-08,0.0010190625,0.00040543749999999993
4.52e-08,0.0010790625,-0.0003008125
4.54e-08,0.001036875,-4.143750000000013e-05
4.56e-08,0.00123,0.00010231249999999997
4.58e-08,0.0011559375,-0.0001914375000000001
4.6e-08,0.00117,-0.00019456250000000007
4.62e-08,0.0012590625,0.0001523124999999999
4.64e-08,0.001246875,-4.4562500000000114e-05
4.66e-08,0.0012759375,-0.0002445625000000001
4.68e-08,0.00126,-0.0001008125000000001
4.7e-08,0.001335,0.00010231249999999997
4.72e-08,0.0013940625,0.00010856249999999994
4.74e-08,0.0013040625,-9.768750000000012e-05
4.76e-08,0.0013790625,5.543749999999993e-05
4.78e-08,0.0013940625,2.3124999999999275e-06
4.8e-08,0.0013959375,-9.768750000000012e-05
4.82e-08,0.0014990625,0.0002023124999999999
4.84e-08,0.001486875,4.918749999999997e-05
4.86e-08,0.001455,0.0001491874999999999
4.88e-08,0.001485,0.00034918749999999994
4.9e-08,0.0014240625,0.00010543749999999995
4.92e-08,0.00147,9.918749999999988e-05
4.94e-08,0.0015290625,-0.0003508125000000001
4.96e-08,0.0015909375,5.4374999999999086e-06
4.98e-08,0.0015,0.00019918749999999993
5e-08,0.001545,-0.0003008125
5.02e-08,0.001665,-4.4562500000000114e-05
5.04e-08,0.00171,0.0001491874999999999
5.06e-08,0.001725,-0.00014456250000000005
5.08e-08,0.001695,-8.125000000000536e-07
5.1e-08,0.0016490625,0.00010231249999999997
5.12e-08,0.0017109375,-0.00014768750000000003
5.14e-08,0.001768125,-4.7687500000000095e-05
5.16e-08,0.0019359375,-9.456250000000003e-05
5.18e-08,0.0018909375,0.0001523124999999999
5.2e-08,0.0018890625,0.0002491874999999999
5.22e-08,0.0020109375,-0.00014143750000000007
5.24e-08,0.0017090625,-0.00025393750000000004
5.26e-08,0.0018140625,-0.0002976875000000001
5.28e-08,0.0020409375,-5.0812500000000076e-05
5.3e-08,0.0019959375,5.543749999999993e-05
5.32e-08,0.002038125,0.00020856249999999987
5.34e-08,0.0020859375,9.60624999999999e-05
5.36e-08,0.002056875,-0.0003008125
5.38e-08,0.0020390625,0.0003023124999999999
5.4e-08,0.00225,4.918749999999997e-05
5.42e-08,0.0021609375,-9.768750000000012e-05
5.44e-08,0.002098125,0.00030543749999999994
5.46e-08,0.0023709375,-0.0002445625000000001
5.48e-08,0.0022959375,-0.0003476875
5.5e-08,0.0022490625,-8.125000000000536e-07
5.52e-08,0.0023709375,-4.7687500000000095e-05
5.54e-08,0.0022790625,0.0004960625
5.56e-08,0.0022659375,0.00010231249999999997
5.58e-08,0.0022790625,0.00019918749999999993
5.6e-08,0.00237,-0.00020081250000000004
5.62e-08,0.0024140625,-0.0002976875000000001
5.64e-08,0.0023709375,0.0002491874999999999
5.66e-08,0.002413125,-4.4562500000000114e-05
5.68e-08,0.0023559375,-0.0002945625
5.7e-08,0.0024,4.918749999999997e-05
5.72e-08,0.0024009375,-0.0002976875000000001
5.74e-08,0.0023840625,-0.0002476875000000001
5.76e-08,0.00249,-0.0002945625
5.78e-08,0.00246,-0.00025081250000000006
5.8e-08,0.002535,5.543749999999993e-05
5.82e-08,0.002565,-0.0003539375
5.84e-08,0.0024590625,0.0003554374999999999
5.86e-08,0.0025359375,0.00040231249999999995
5.88e-08,0.0024890625,-9.768750000000012e-05
5.9e-08,0.0025659375,0.00010231249999999997
5.92e-08,0.002535,2.3124999999999275e-06
5.94e-08,0.002655,0.0004991875
5.96e-08,0.002625,0.0011554375
5.98e-08,0.0023240625,0.0016523125
6e-08,0.0024909375,0.0024491875
6.02e-08,0.00246,0.0040054375
6.04e-08,0.002578125,0.0048585625
6.06e-08,0.0026409375,0.0063023125
6.08e-08,0.0024609375,0.0073523124999999995
6.1e-08,0.0025640625,0.008158562500000001
6.12e-08,0.002595,0.0084554375
6.14e-08,0.0024890625,0.0075991875
6.16e-08,0.0025959375,0.0073523124999999995
6.18e-08,0.0023690625,0.0067023125
6.2e-08,0.0024759375,0.0057023125
6.22e-08,0.0026840625,0.0058991875
6.24e-08,0.0025659375,0.0051991875
6.26e-08,0.00264,0.0051991875
6.28e-08,0.0026709375,0.0059054375
6.3e-08,0.00249,0.0054960625
6.32e-08,0.002655,0.0055054375
6.34e-08,0.0027440625,0.0055523125
6.36e-08,0.002565,0.0046554375
6.38e-08,0.002521875,0.0048991875
6.4e-08,0.00273,0.0039991875
6.42e-08,0.002565,0.0025554375
6.44e-08,0.00252,0.0025991875
6.46e-08,0.002563125,0.0020023124999999998
6.48e-08,0.0026409375,0.0013554374999999999
6.5e-08,0.0025959375,0.0009491874999999999
6.52e-08,0.0025959375,0.0003554374999999999
6.54e-08,0.0025940625,0.00040231249999999995
6.56e-08,0.00264,-5.393750000000006e-05
6.58e-08,0.002653125,-0.00045081250000000015
6.6e-08,0.0024609375,-0.0003476875
6.62e-08,0.0025959375,-0.0005445625
6.64e-08,0.002625,-0.0003508125000000001
6.66e-08,0.0025359375,-0.0006445625000000001
6.68e-08,0.002625,-0.0004976875
6.7e-08,0.00261,-0.00025081250000000006
6.72e-08,0.0025340625,-0.00015081250000000012
6.74e-08,0.0025640625,0.00010231249999999997
6.76e-08,0.0025959375,-9.768750000000012e-05
6.78e-08,0.0024909375,0.00034918749999999994
6.8e-08,0.0025190625,0.00025231249999999993
6.82e-08,0.0026859375,0.0003523124999999999
6.84e-08,0.002608125,0.0010523124999999999
6.86e-08,0.002536875,0.0002991874999999999
6.88e-08,0.0024890625,0.00025231249999999993
6.9e-08,0.0025959375,0.0005960624999999999
6.92e-08,0.0026090625,0.0006523124999999999
6.94e-08,0.0026109375,0.00019918749999999993
6.96e-08,0.00252,0.0008554374999999999
6.98e-08,0.00258,0.0006991874999999999
7e-08,0.0025790625,0.0005523125
7.02e-08,0.0026559375,0.0013023124999999999
7.04e-08,0.0025640625,0.0006554374999999999
7.06e-08,0.00255,0.0006023124999999999
7.08e-08,0.0025809375,2.576286560484113e-05
7.1e-08,0.0024890625,-0.00023533995333231185
7.12e-08,0.0025659375,7.621366167856105e-05
7.14e-08,0.002445,6.739155229264519e-05
7.16e-08,0.0024459375,0.0002730155186310633
7.18e-08,0.0026109375,0.0001543122404383381
7.2e-08,0.0025509375,-0.000493222573376344
7.22e-08,0.00255,-0.00020906060447320614
7.24e-08,0.002533125,6.628866194383408e-05
7.26e-08,0.00246,-0.00015890349698227153
7.28e-08,0.00252,-0.00023474357841807454
7.3e-08,0.002548125,-2.2845579646095183e-05
7.32e-08,0.002491875,-0.00032481848182240933
7.34e-08,0.002535,-0.00018255228917005031
7.36e-08,0.002535,0.0004990458455905982
7.38e-08,0.0023690625,2.0094377881248175e-05
7.4e-08,0.0025340625,-6.054968970131437e-05
7.42e-08,0.00246,-9.502330844356206e-05
7.44e-08,0.00237,-9.093351778009875e-05
7.46e-08,0.0025040625,8.252517571890346e-05
7.48e-08,0.002341875,0.0001332137276870144
7.5e-08,0.002445,-9.417704359562507e-05
7.52e-08,0.002445,5.600950376477664e-06
7.54e-08,0.0023259375,0.0002334763151060762
7.56e-08,0.0026390625,-0.00031118486881128067
7.58e-08,0.00246,8.490381063244345e-05
7.6e-08,0.0024759375,0.00015808326439025963
7.62e-08,0.002535,-4.888686029005587e-05
7.64e-08,0.0023390625,-1.2028454584926555e-05
7.66e-08,0.00237,-0.00035731774442845855
7.68e-08,0.002385,0.00011277089766919071
7.7e-08,0.0025209375,-0.00025921914857107405
7.72e-08,0.0022790625,-6.45807865290624e-05
7.74e-08,0.002415,7.230269810095511e-05
7.76e-08,0.002475,0.0002160990204130085
7.78e-08,0.0022659375,-0.00012943092438929475
7.8e-08,0.002473125,-0.00021297273334792405
7.82e-08,0.0024909375,-5.421037839111529e-05
7.84e-08,0.00234,-0.00013599846518584584
7.86e-08,0.0022790625,2.6060784065842543e-05
7.88e-08,0.002326875,5.228278923114753e-05
7.9e-08,0.002385,-9.204230272419314e-05
7.92e-08,0.00243,-0.00012294931274126595
7.94e-08,0.0025359375,0.0001349862258500182
7.96e-08,0.0023259375,-0.0001730032438539981
7.98e-08,0.0023428125,9.863365075952967e-05
8e-08,0.0025040625,-7.710620717164959e-05
8.02e-08,0.002325,-0.00025765521133889286
8.04e-08,0.0023259375,0.00015183976090684222
8.06e-08,0.0024290625,5.073487770643195e-06
8.08e-08,0.0024009375,-0.00026531233848939225
8.1e-08,0.00231,-2.281564705252814e-05
8.12e-08,0.002323125,-0.00024794618284371334
8.14e-08,0.0022959375,1.7377381042221017e-05
8.16e-08,0.00243,-9.601838495194786e-05
8.18e-08,0.0023709375,0.0002616330765836088
8.2e-08,0.00234,-0.00023749790757092616
8.22e-08,0.00246,0.00029126294841313983
8.24e-08,0.0022190625,0.00012132049573120237
8.26e-08,0.0024309375,-0.00031509958618824763
8.28e-08,0.002385,2.8029513320471936e-05
8.3e-08,0.002055,0.00024455970588660285
8.32e-08,0.00237,-0.00011711834291387697
8.34e-08,0.00225,-6.838157451060411e-05
8.36e-08,0.00234,7.69635024765553e-05
8.38e-08,0.0024909375,-0.0002024097396371264
8.4e-08,0.002278125,4.079030218661463e-05
8.42e-08,0.0023840625,0.00011535973082496296
8.44e-08,0.002265,-7.404358835484611e-05
8.46e-08,0.0023259375,-0.00021738050348797832
8.48e-08,0.002295,-3.575007478369416e-05
8.5e-08,0.0022659375,-0.00010888043298712956
8.52e-08,0.0024609375,-0.0004248015794307356
8.54e-08,0.00225,7.184633613122583e-05
8.56e-08,0.002355,0.00033496321421333183
8.58e-08,0.0024290625,-0.0001442477745373557
8.6e-08,0.002401875,0.00025114305205899975
8.62e-08,0.002385,0.00012874161975866914
8.64e-08,0.0022809375,-0.0001993363810434593
8.66e-08,0.0023559375,0.00034682205348714
8.68e-08,0.002323125,-0.00021117356062425122
8.7e-08,0.0022809375,0.0002121950457182563
8.72e-08,0.0023240625,0.0004303300186026677
8.74e-08,0.0022359375,0.00028320266719357955
8.76e-08,0.0021590625,-3.5135487851769326e-05
8.78e-08,0.002341875,1.932882233600416e-06
8.8e-08,0.0023240625,-0.0001946321104005345
8.82e-08,0.0021928125,0.00036214870894367266
8.84e-08,0.0023840625,-2.210590193064882e-05
8.86e-08,0.00243,-0.00028207421463891574
8.88e-08,0.0023390625,-7.605742745474149e-05
8.9e-08,0.00228,0.0002100347638602488
8.92e-08,0.002265,0.00023602314724259797
8.94e-08,0.0022659375,0.00033179434944406695
8.96e-08,0.002293125,-1.530106970731829e-05
8.98e-08,0.00234,-0.0008095254292675036
9e-08,0.0023859375,-3.572303001107542e-05
9.02e-08,0.0023090625,4.303795270811593e-05
9.04e-08,0.0023240625,1.259505102987669e-05
9.06e-08,0.0024159375,-3.3254109321888793e-06
9.08e-08,0.002295,0.00013424049632354833
9.1e-08,0.002233125,0.00014184489768376534
9.12e-08,0.002341875,0.00012472326189241144
9.14e-08,0.002473125,-0.00021073101901527405
9.16e-08,0.0022509375,-9.170682830654284e-05
9.18e-08,0.002205,-0.00032846238041601684
9.2e-08,0.0024590625,-0.00018105343891151
9.22e-08,0.0022059375,0.0001555232655212232
9.24e-08,0.0022659375,-0.00010363493981249514
9.26e-08,0.0024590625,0.0002847875590143476
9.28e-08,0.0022659375,0.00026678396625268456
9.3e-08,0.0022790625,-2.3402030039540724e-05
9.32e-08,0.002355,-0.00025434875786243486
9.34e-08,0.00222,-0.0006125834641704289
9.36e-08,0.002235,0.00014754674576731162
9.38e-08,0.002355,0.00020153486038322575
9.4e-08,0.0023409375,0.00010990896272250967
9.42e-08,0.0022940625,-0.00032482757244681074
9.44e-08,0.002445,-0.00012714103110339747
9.46e-08,0.002295,-8.67942459813715e-05
9.48e-08,0.0023540625,-8.461356359545444e-05
9.5e-08,0.0024309375,0.00012161251469956015
9.52e-08,0.00225,8.172340901915013e-06
9.54e-08,0.002385,-0.0007080730974900827
9.56e-08,0.0023409375,-0.00017284744265112063
9.58e-08,0.0022640625,0.00033772753780758396
9.6e-08,0.002325,0.0001994950739764772
9.62e-08,0.00228,-6.557344922996507e-06
9.64e-08,0.0023090625,0.0002738726328412047
9.66e-08,0.0024459375,8.890411857477233e-05
9.68e-08,0.00231,-0.00018640871947408827
9.7e-08,0.00231,0.0005212445486643372
9.72e-08,0.002295,-7.022413178005663e-05
9.74e-08,0.0022640625,-0.00015800630300462663
9.76e-08,0.00219,2.5489142249600612e-06
9.78e-08,0.0022059375,-0.00018916227075676967
9.8e-08,0.0023859375,-0.00044558675891008385
9.82e-08,0.00237,0.0002727208811786432
9.84e-08,0.0022190625,4.0310183614300026e-05
9.86e-08,0.0023690625,-8.496973113818311e-05
9.88e-08,0.0023859375,0.0002444226275849854
9.9e-08,0.002235,-9.24481842648445e-05
9.92e-08,0.0023690625,-3.0099107815976522e-05
9.94e-08,0.0022509375,-2.44691202056209e-05
9.96e-08,0.00231,2.2741680687803636e-05
9.98e-08,0.00243,-5.346799853901659e-06
1e-07,0.00228,0.00029949584279166387
1.002e-07,0.0023240625,0.0003426802742294581
1.004e-07,0.002251875,0.00021194817446698776
1.006e-07,0.002188125,-3.169663028727509e-05
1.008e-07,0.0024459375,0.00023464984536342805
1.01e-07,0.0023240625,2.2361948076190713e-05
1.012e-07,0.0021459375,0.00038914785938341643
1.014e-07,0.0023090625,0.00023592541159121836
1.016e-07,0.0022659375,-0.00010689326904798372
1.018e-07,0.0023390625,0.00022041605954329296
1.02e-07,0.002385,-0.00036065769436118575
1.022e-07,0.00237,-0.0002596871256174293
1.024e-07,0.0022209375,-0.00017303593000544804
1.026e-07,0.00231,4.1712554334707656e-05
1.028e-07,0.0023090625,-0.00023245382682947813
1.03e-07,0.0022209375,0.0004275666900106076
1.032e-07,0.002248125,-0.00010401434986600078
1.034e-07,0.002236875,0.0002308808079427393
1.036e-07,0.00228,0.00023521732023626312
1.038e-07,0.002295,0.0002553968799758973
1.04e-07,0.0023240625,-3.889130092771435e-06
1.042e-07,0.0022059375,0.00010272549433529942
1.044e-07,0.0023109375,-0.0003682618485258602
1.046e-07,0.00225,-7.838932109531932e-05
1.048e-07,0.00222,-0.00011401043287969604
1.05e-07,0.002265,5.1931045213873194e-06
1.052e-07,0.00207,8.423162704876671e-05
1.054e-07,0.002293125,3.892331677461999e-05
1.056e-07,0.002356875,-0.0005012051787549122
1.058e-07,0.00219,7.097024011380631e-05
1.06e-07,0.00237,1.4422972041316411e-05
1.062e-07,0.0022659375,-0.0005590816812449698
1.064e-07,0.0023090625,-7.690234100943512e-05
1.066e-07,0.0023709375,-0.00012981331607321117
1.068e-07,0.0024,-0.00017906783239526116
1.07e-07,0.0023540625,4.0303679479597225e-05
1.072e-07,0.0022809375,-1.4321330061982612e-05
1.074e-07,0.0023090625,7.091351964296575e-05
1.076e-07,0.0023409375,-0.00014181090872801352
1.078e-07,0.002235,2.3657059957810364e-05
1.08e-07,0.0022640625,-0.00021046702130744305
1.082e-07,0.0023259375,-6.818438211353214e-05
1.084e-07,0.0022940625,0.00023950972204629664
1.086e-07,0.002281875,-3.370010805846636e-05
1.088e-07,0.0023521875,-0.0002350438074884257
1.09e-07,0.00234,-6.38181381490685e-05
1.092e-07,0.0022190625,-0.00015144721836425756
1.094e-07,0.002265,-0.00014730574872140015
1.096e-07,0.0022340625,2.9981602760483334e-05
1.098e-07,0.002371875,-0.0003207107701596403
1.1e-07,0.0023559375,-0.0001733985264841324
1.102e-07,0.0023559375,0.00016334980921020494
1.104e-07,0.0023390625,-1.3692079636347432e-05
1.106e-07,0.0022490625,-7.85837081882626e-06
1.108e-07,0.0023559375,-8.545311094445234e-05
1.11e-07,0.0023090625,5.7651567512835195e-05
1.112e-07,0.00213,0.0003426261971134292
1.114e-07,0.002386875,-0.00030547949467467486
1.116e-07,0.00234,-0.00016035900877191971
1.118e-07,0.00225,-0.00022755881803221512
1.12e-07,0.0022659375,0.00023001037258806598
1.122e-07,0.002205,0.0002106081298915222
1.124e-07,0.0024290625,-0.00019985099430391858
1.126e-07,0.002341875,0.0002870365096784369
1.128e-07,0.002158125,7.894874206720207e-05
1.13e-07,0.0023859375,0.0003140829530717086
1.132e-07,0.002323125,-0.00029750386913566493
1.134e-07,0.002191875,-0.0001833299517503347
1.136e-07,0.002353125,8.391586322795148e-05
1.138e-07,0.002205,0.00027913486517747133
1.14e-07,0.0022509375,-0.00015989281339690869
1.142e-07,0.002355,-2.360790017558953e-05
1.144e-07,0.0022209375,-0.00010101584434161932
1.146e-07,0.002265,0.00022969896716946875
1.148e-07,0.002323125,-8.576567635179094e-05
1.15e-07,0.0023259375,-9.031538660262633e-05
1.152e-07,0.0023259375,9.927464130606785e-05
1.154e-07,0.00234,-0.0002455313661128134
1.156e-07,0.0024459375,5.114943830302323e-05
1.158e-07,0.0023090625,-2.1076033481097163e-05
1.16e-07,0.00234,0.00016335738956845287
1.162e-07,0.0022490625,0.0001172169856714902
1.164e-07,0.0022359375,1.5166172017732375e-05
1.166e-07,0.00225,-9.378148923970272e-06
1.168e-07,0.0022209375,0.00011650485037292696
1.17e-07,0.0021140625,0.00015694625524479927
1.172e-07,0.0021759375,-7.453467446186554e-05
1.174e-07,0.0022809375,-5.7704772266571874e-05
1.176e-07,0.00219,-0.00016510364645179774
1.178e-07,0.00231,0.00018082744278994677
1.18e-07,0.0023390625,3.381309095311265e-05
1.182e-07,0.00222,0.00041553468837547425
1.184e-07,0.00228,0.00026493074394891693
1.186e-07,0.002205,-4.8912255759627115e-05
1.188e-07,0.00234,6.582444906125857e-05
1.19e-07,0.002278125,3.897619935935162e-05
1.192e-07,0.0021440625,-0.00023051201990251092
1.194e-07,0.0022959375,-0.00015530993145941466
1.196e-07,0.002293125,-0.0003612325211682737
1.198e-07,0.0022678125,0.00029881633286875397
1.2e-07,0.002278125,0.00023001360911136274
1.202e-07,0.0021009375,-0.00015403250190454564
1.204e-07,0.00219,-0.0001087064806007426
1.206e-07,0.00225,0.00021479997978214788
1.208e-07,0.0023540625,8.24235661186165e-05
1.21e-07,0.0023859375,-9.291967789004924e-05
1.212e-07,0.002205,-0.00016516031924192326
1.214e-07,0.002295,-5.014121099166423e-05
1.216e-07,0.0024440625,-0.0001209093474973056
1.218e-07,0.0023409375,2.0321501227355628e-05
1.22e-07,0.0023390625,-0.00011372246122561123
1.222e-07,0.002235,0.0004413655454272028
1.224e-07,0.002355,0.0002673544977096329
1.226e-07,0.0023090625,-0.00016226838571447688
1.228e-07,0.002055,0.00011361977603652971
1.23e-07,0.002235,-4.844737662692007e-05
1.232e-07,0.002265,-3.441822287395589e-05
1.234e-07,0.0020709375,-0.00013050469503362206
1.236e-07,0.0022959375,0.00027416775241829105
1.238e-07,0.0022959375,0.00014924019672575282
1.24e-07,0.0020840625,0.00028953969016314127
1.242e-07,0.0023409375,-0.00034721957397561135
1.244e-07,0.0023390625,-2.2001092469386415e-05
1.246e-07,0.002115,0.00017507091444497074
1.248e-07,0.00228,-3.1951893895738964e-05
1.25e-07,0.002251875,0.00016257916715800013
1.252e-07,0.00234,-1.3046216855339382e-05
1.254e-07,0.002281875,0.00012572957453819324
1.256e-07,0.00213,0.00022175748475322408
1.258e-07,0.0021759375,6.907379800642332e-06
1.26e-07,0.00228,0.00028321612435835595
1.262e-07,0.0022359375,0.0001761973030575385
1.264e-07,0.0022040625,3.686696940791257e-06
1.266e-07,0.0022190625,5.267471041070517e-05
1.268e-07,0.002145,-3.9863667661227494e-05
1.27e-07,0.0021590625,-0.0002615015719483186
1.272e-07,0.00213,-0.00010363831378751373
1.274e-07,0.002115,-6.679354500194052e-06
1.276e-07,0.0024009375,-0.00010899155673570486
1.278e-07,0.00228,-0.000263157996167743
1.28e-07,0.0021759375,-1.7622313016784498e-05
1.282e-07,0.002293125,0.0002077287506461697
1.284e-07,0.00222,-0.00010561409955695886
1.286e-07,0.002115,-0.00012257039425154042
1.288e-07,0.0021,0.0002619087291588005
1.29e-07,0.0022659375,-6.627342749276527e-05
1.292e-07,0.00234,5.225190530482756e-06
1.294e-07,0.00225,9.28441657105248e-05
1.296e-07,0.0022040625,0.0003195176466945407
1.298e-07,0.0021909375,0.00027699979974099825
1.3e-07,0.0021459375,-0.00014969875211798178
1.302e-07,0.0022809375,0.00020271580911439786
1.304e-07,0.0022340625,0.00017420120748837945
1.306e-07,0.002175,3.586036941413927e-05
1.308e-07,0.0022340625,0.00033541208466970825
1.31e-07,0.0021290625,0.0001844990567245638
1.312e-07,0.002205,-6.149852618082377e-05
1.314e-07,0.002206875,8.787897220652194e-06
1.316e-07,0.0022790625,0.00012692446259956046
1.318e-07,0.0023540625,0.00012803589281590538
1.32e-07,0.0020409375,-8.569874680746631e-05
1.322e-07,0.0022209375,6.282833394977826e-05
1.324e-07,0.0024,-0.00012557726049120446
1.326e-07,0.002308125,-0.0004086570404303465
1.328e-07,0.00234,-0.00015060571669924032
1.33e-07,0.002278125,-9.550582269059954e-05
1.332e-07,0.002191875,0.00013845770798788574
1.334e-07,0.0022209375,-5.0891825022121954e-05
1.336e-07,0.002205,-9.800467722127914e-05
1.338e-07,0.002415,0.00010545941896448602
1.34e-07,0.002338125,-0.0002820301719208872
1.342e-07,0.0022059375,-4.8815072525462984e-05
1.344e-07,0.0022640625,-0.00021694847555739258
1.346e-07,0.0021740625,0.00035645768565683536
1.348e-07,0.002265,-0.0005613254109208949
1.35e-07,0.002206875,-0.00030318731294189593
1.352e-07,0.0021290625,-0.0003185755106322269
1.354e-07,0.002235,-9.34602099791266e-05
1.356e-07,0.0021009375,0.00010394239140690105
1.358e-07,0.00216,-0.00034168531524071346
1.36e-07,0.0023259375,-0.0002984931130526875
1.362e-07,0.002205,-6.152496671233307e-05
1.364e-07,0.0022940625,0.00019824333006185382
1.366e-07,0.0021,-1.1752650869386575e-05
1.368e-07,0.0020559375,0.0001883901493263797
1.37e-07,0.002265,5.1692788488713116e-05
1.372e-07,0.00222,0.0002656306748662008
1.374e-07,0.002175,-0.00024815306953092744
1.376e-07,0.002175,-8.32106622800095e-06
1.378e-07,0.0021459375,-0.00014152629056149514
1.38e-07,0.002085,1.7486764837151578e-05
1.382e-07,0.002173125,1.461181868825114e-05
1.384e-07,0.0022659375,-7.739622931036323e-05
1.386e-07,0.0022509375,0.00021992982771174637
1.388e-07,0.00222,-2.7207040914976464e-05
1.39e-07,0.0021140625,0.0007628848977056185
1.392e-07,0.0023409375,-6.765220108289144e-05
1.394e-07,0.0022209375,0.0005641501692465784
1.396e-07,0.0021890625,0.00023145460402763162
1.398e-07,0.002323125,-4.175525964020879e-05
1.4e-07,0.002116875,-0.00013038440169399327
1.402e-07,0.0022940625,0.00026140308444579183
1.404e-07,0.0022209375,-0.0001304576365798495
1.406e-07,0.0021590625,-0.0002627994688415738
1.408e-07,0.0022940625,-7.78771179669532e-05
1.41e-07,0.0021890625,-0.00017205097393765227
1.412e-07,0.00225,-0.00040539194198458296
1.414e-07,0.0021759375,0.00014259839683869335
1.416e-07,0.0021740625,9.04653083319457e-05
1.418e-07,0.0022340625,-0.00027476432593636225
1.42e-07,0.0021459375,-9.277603947802784e-05
1.422e-07,0.002188125,2.9359236498684814e-05
1.424e-07,0.0023109375,-8.393585356089272e-05
1.426e-07,0.00225,-0.0001766029401051507
1.428e-07,0.002085,0.0002825292929426609
1.43e-07,0.002205,-0.00038550612926904954
1.432e-07,0.00216,4.579153943541067e-05
1.434e-07,0.002128125,-0.00015617361610208678
1.436e-07,0.002176875,0.00036423662329154613
1.438e-07,0.002205,-0.0002326378344490635
1.44e-07,0.0022359375,5.4094117608631595e-05
1.442e-07,0.0020840625,0.0003144352597926229
1.444e-07,0.0022940625,-0.00015397520486012885
1.446e-07,0.002221875,4.075470406500614e-06
1.448e-07,0.0021740625,-5.6185874984271715e-05
1.45e-07,0.002371875,-0.0003576446625242561
1.452e-07,0.0021140625,6.224208873209133e-05
1.454e-07,0.00213,0.00019821090708628598
1.456e-07,0.002085,-0.0001444401426860661
1.458e-07,0.00219,0.0002574819537995598
1.46e-07,0.0022509375,-0.00011685290528760258
1.462e-07,0.0021890625,-0.00015025020973631538
1.464e-07,0.002235,3.620001995843618e-05
1.466e-07,0.00216,0.000212689947139848
1.468e-07,0.00204,-0.00017793712163120812
1.47e-07,0.0021759375,-0.0001237306528814657
1.472e-07,0.0022190625,0.00010013464462075447
1.474e-07,0.002203125,-0.00023659309938154453
1.476e-07,0.002221875,0.00029177085485394946
1.478e-07,0.0022190625,7.400254171111344e-05
1.48e-07,0.0021909375,-8.140514652104424e-05
1.482e-07,0.002278125,0.00028381234554148723
1.484e-07,0.002131875,4.026719547710364e-05
1.486e-07,0.0021290625,5.3264258044139276e-05
1.488e-07,0.002101875,0.0002494687962891436
1.49e-07,0.0020540625,-0.00020051550737450703
1.492e-07,0.0023109375,-0.00019070715876193356
1.494e-07,0.0022059375,-0.00015366736613820173
1.496e-07,0.0022040625,-0.00033800795667514186
1.498e-07,0.00222,0.00021532434932299818
1.5e-07,0.0021440625,5.534890101023648e-05
1.502e-07,0.002296875,0.000201293679567429
1.504e-07,0.0020840625,0.00027941199129969866
1.506e-07,0.00219,6.7349267563506875e-06
1.508e-07,0.0023109375,0.00035309692546485764
1.51e-07,0.0021,-0.00013105354320813408
1.512e-07,0.00204,-0.0003147318443066016
1.514e-07,0.002325,-3.861580165187948e-05
1.516e-07,0.002265,-0.00046440012035709285
1.518e-07,0.0022040625,0.00025415128495439383
1.52e-07,0.00225,0.00018395679385930358
1.522e-07,0.00225,-2.518521591474626e-05
1.524e-07,0.0023409375,-2.0652640165932134e-05
1.526e-07,0.002235,7.888562960964021e-05
1.528e-07,0.002085,-0.0004137508684120417
1.53e-07,0.0021590625,-2.7330609704920163e-06
1.532e-07,0.0020559375,-3.4425725306736705e-05
1.534e-07,0.00225,-0.0004477176049152011
1.536e-07,0.002233125,-4.734819001756468e-05
1.538e-07,0.0021459375,7.285570407062493e-05
1.54e-07,0.00219,9.716541558270974e-06
1.542e-07,0.0022359375,5.8385139617039546e-05
1.544e-07,0.002308125,-4.3292711328474664e-05
1.546e-07,0.002085,-3.721363624793354e-05
1.548e-07,0.0019809375,9.592880843213491e-05
1.55e-07,0.00222,5.993636335106085e-05
1.552e-07,0.0021740625,7.686241474474094e-06
1.554e-07,0.00222,-0.000175068987432997
1.556e-07,0.0023240625,0.00023139047543907295
1.558e-07,0.0022359375,-5.971274591450429e-05
1.56e-07,0.001995,-5.161005998990707e-05
1.562e-07,0.00216,-0.00010981085435425003
1.564e-07,0.002235,4.76281122424151e-05
1.566e-07,0.002145,-0.00010033766142608222
1.568e-07,0.0021309375,-0.0003106365088032756
1.57e-07,0.002145,-0.0002908386510479736
1.572e-07,0.0021759375,0.0002530593374448048
1.574e-07,0.0021140625,-0.0002646901030598869
1.576e-07,0.00222,-0.00018121417919923617
1.578e-07,0.002205,0.0007897438650169473
1.58e-07,0.0021,1.2641037316710656e-05
1.582e-07,0.00225,-2.0908914717651853e-05
1.584e-07,0.0020990625,0.00015182482018884707
1.586e-07,0.0020859375,-0.00016379775759753397
1.588e-07,0.0022509375,0.00043245939002048856
1.59e-07,0.0022190625,0.00028273387783639295
1.592e-07,0.00228,5.992792969328601e-05
1.594e-07,0.0021909375,9.34919652379619e-05
1.596e-07,0.00213,0.00024211877276254182
1.598e-07,0.0021159375,0.000365155216229997
1.6e-07,0.002205,-0.00015642481404870402
1.602e-07,0.0021159375,-0.0003350702972821152
1.604e-07,0.00213,4.201714101505575e-05
1.606e-07,0.0022209375,0.00030262084067394915
1.608e-07,0.0021890625,8.535047466320036e-06
1.61e-07,0.0022640625,0.00021164194923897582
1.612e-07,0.0021459375,0.0002592302990929675
1.614e-07,0.002175,-0.00030690618832099445
1.616e-07,0.0022640625,-9.608759007773252e-05
1.618e-07,0.002085,0.00060987763505289
1.62e-07,0.0022190625,-0.00024161916599241512
1.622e-07,0.0021759375,0.00017276237597637343
1.624e-07,0.0020990625,-0.0001751799177039351
1.626e-07,0.00216,1.6842954336598068e-05
1.628e-07,0.002266875,-7.460611321950088e-05
1.63e-07,0.002308125,3.2168832042453818e-06
1.632e-07,0.0021590625,3.536935745411681e-05
1.634e-07,0.0021890625,-0.0001463820108498048
1.636e-07,0.002175,0.00011596119194191
1.638e-07,0.002116875,0.0001273504289211733
1.64e-07,0.002025,-8.544822879573844e-06
1.642e-07,0.002115,0.00013236742240441932
1.644e-07,0.002355,2.7678810638063198e-05
1.646e-07,0.00225,-4.298276053845894e-05
1.648e-07,0.002175,-0.00018692565333659812
1.65e-07,0.002085,9.478251608612681e-05
1.652e-07,0.0021,0.00010414695560089212
1.654e-07,0.002295,0.00041994913034565823
1.656e-07,0.00237,0.00016992484276726053
1.658e-07,0.0021740625,9.706226483975635e-05
1.66e-07,0.0022059375,0.00032208419910958607
1.662e-07,0.0021890625,-6.265176065081673e-05
1.664e-07,0.0021759375,0.00024801384457063755
1.666e-07,0.002175,8.185204474341927e-05
1.668e-07,0.00213,4.037316484718325e-05
1.67e-07,0.0021459375,-0.00033844734951597293
1.672e-07,0.0021890625,0.0002547882471748527
1.674e-07,0.0021909375,9.916885430426308e-05
1.676e-07,0.0022640625,-0.0002240214612963452
1.678e-07,0.0020709375,0.00021890275033191648
1.68e-07,0.0020840625,-7.282411122366196e-05
1.682e-07,0.00222,9.786125476768597e-05
1.684e-07,0.0020859375,-3.3835097686388984e-05
1.686e-07,0.002145,-9.621772502072773e-05
1.688e-07,0.0022190625,2.4542777596767368e-05
1.69e-07,0.0021909375,-0.00022800154130694838
1.692e-07,0.002115,-0.00034651113607427476
1.694e-07,0.0021009375,2.5503177329899167e-08
1.696e-07,0.0022059375,-0.0002595166056715832
1.698e-07,0.0021,-0.00015433257509425162
1.7e-07,0.0022190625,-0.00033471732450496435
1.702e-07,0.0022359375,0.00013489386732921488
1.704e-07,0.002175,0.00027433441656451313
1.706e-07,0.0022490625,0.00015386424136199973
1.708e-07,0.0022659375,-6.673600491689329e-05
1.71e-07,0.0021440625,9.088848492932441e-05
1.712e-07,0.002115,-0.0002927290553342762
1.714e-07,0.00213,-0.0005896752358061614
1.716e-07,0.0020690625,-3.968204564494536e-05
1.718e-07,0.0021459375,-5.1879382601317045e-05
1.72e-07,0.002205,-0.00034234911351208643
1.722e-07,0.0021440625,0.0003168734895417052
1.724e-07,0.00213,4.251911674208795e-06
1.726e-07,0.00237,1.597539698186818e-05
1.728e-07,0.0021440625,5.233454662628091e-05
1.73e-07,0.0020859375,1.606866508832478e-05
1.732e-07,0.0022190625,-0.00013882874194112423
1.734e-07,0.0021440625,-0.0001906358108622304
1.736e-07,0.002221875,5.693375603316948e-05
1.738e-07,0.0021590625,0.00023642177043484193
1.74e-07,0.00207,-0.00022973505694375105
1.742e-07,0.002205,0.0004982791119788915
1.744e-07,0.0021590625,-4.0777468020697026e-05
1.746e-07,0.00216,-7.127550099487799e-05
1.748e-07,0.002235,0.00011768461685527398
1.75e-07,0.0022809375,0.00016472483246671038
1.752e-07,0.0022040625,0.00017803930824261693
1.754e-07,0.0021140625,-0.00011669339098674461
1.756e-07,0.002295,0.00017757886508307572
1.758e-07,0.00222,-4.669824436850472e-05
1.76e-07,0.0021909375,-0.00024412529757845007
1.762e-07,0.0021140625,-4.894114997530377e-05
1.764e-07,0.002115,-0.00012182553888955965
1.766e-07,0.002235,0.00018195967787245463
1.768e-07,0.0021459375,0.0002141465094158051
1.77e-07,0.0020109375,7.240700272829356e-05
1.772e-07,0.002205,5.0588801890191914e-05
1.774e-07,0.0022190625,0.00019164814732509152
1.776e-07,0.002115,-0.0003614202746033877
1.778e-07,0.002131875,-3.184545903835461e-07
1.78e-07,0.0020240625,6.339202932143011e-05
1.782e-07,0.002175,7.986137026766154e-05
1.784e-07,0.002101875,-0.00012767746392764267
1.786e-07,0.002085,0.00035587307854904817
1.788e-07,0.0022040625,5.4850252847054585e-05
1.79e-07,0.002113125,-1.2956810057332863e-05
1.792e-07,0.0021459375,4.284891839095685e-05
1.794e-07,0.0022040625,-0.00021389934244699823
1.796e-07,0.0021309375,4.217211288167831e-05
1.798e-07,0.002325,-4.6939965813094125e-05
1.8e-07,0.00225,-2.8690901905321763e-05
1.802e-07,0.0021759375,7.033113390915491e-05
1.804e-07,0.0023090625,-0.0002451853967789565
1.806e-07,0.002205,-4.928253186015258e-06
1.808e-07,0.00222,-0.0001706181929933109
1.81e-07,0.00222,-0.0003710081459589082
1.812e-07,0.0022040625,0.0006543193325061007
1.814e-07,0.0022359375,0.00019022959046032894
1.816e-07,0.0021459375,-4.4512662605030356e-05
1.818e-07,0.00207,-2.492551916911585e-05
1.82e-07,0.0021590625,0.0002701916048619849
1.822e-07,0.0022809375,0.0005658190292728027
1.824e-07,0.0020559375,-0.0001302858865659365
1.826e-07,0.00207,1.2012491344062667e-05
1.828e-07,0.002173125,0.00011633559950223711
1.83e-07,0.00219,-2.674839415755806e-05
1.832e-07,0.0022209375,0.00020366987784430318
1.834e-07,0.0021740625,1.7559883285877314e-05
1.836e-07,0.0021759375,7.533944528503494e-05
1.838e-07,0.00219,0.0005068897000201652
1.84e-07,0.0022640625,0.00011316701573404564
1.842e-07,0.0020559375,-9.162448004747965e-05
1.844e-07,0.002053125,5.226326635090351e-05
1.846e-07,0.002086875,0.0001690761864080208
1.848e-07,0.002113125,0.0001935751270573312
1.85e-07,0.0022209375,5.4458034625847084e-05
1.852e-07,0.0021290625,-0.00021810778380399425
1.854e-07,0.002235,5.5480441099590025e-05
1.856e-07,0.0023990625,-0.00030275883715293685
1.858e-07,0.0020859375,0.0002884569935551687
1.86e-07,0.001875,0.00016092369637884854
1.862e-07,0.002191875,0.00021136129416510127
1.864e-07,0.0021440625,-0.00012766725218683764
1.866e-07,0.001965,0.00025080507738973497
1.868e-07,0.0022040625,0.00022909993171561508
1.87e-07,0.00219,-0.00011551687698557044
1.872e-07,0.0020690625,-0.00011147778988279274
1.874e-07,0.0021159375,-0.0004145104936514609
1.876e-07,0.00213,2.30340115243019e-05
1.878e-07,0.0021309375,-8.035415000432878e-05
1.88e-07,0.0020840625,-0.0003421837394573266
1.882e-07,0.00207,0.0002466109437471353
1.884e-07,0.0022059375,0.0001670941750977368
1.886e-07,0.0021290625,-0.00015540249890515765
1.888e-07,0.002176875,0.00012473352162225502
1.89e-07,0.00228,0.00043438233091995884
1.892e-07,0.0023990625,0.00036075912632069424
1.894e-07,0.00213,-0.00018300079747717124
1.896e-07,0.0020090625,-0.00032790001627182395
1.898e-07,0.0022209375,-0.00022193497423111025
1.9e-07,0.00225,0.00019467967275834584
1.902e-07,0.002221875,0.0004217565932776366
1.904e-07,0.0021740625,-8.258947046805924e-05
1.906e-07,0.002295,-0.0003320983596365834
1.908e-07,0.0022040625,-0.0002833922102562969
1.91e-07,0.00225,-0.0001841058891987223
1.912e-07,0.00222,-7.614237776392701e-05
1.914e-07,0.0018759375,-0.00019902337569164093
1.916e-07,0.0021290625,9.937738688175926e-05
1.918e-07,0.00219,0.00015106622350151235
1.92e-07,0.0021590625,-9.111652962750075e-05
1.922e-07,0.0022790625,0.0001678764947534336
1.924e-07,0.002205,3.2828874071104075e-06
1.926e-07,0.00228,3.5562526233166075e-05
1.928e-07,0.0022490625,3.570008876277134e-05
1.93e-07,0.002085,-0.00022868996518285342
1.932e-07,0.00216,-0.0002320985041652719
1.934e-07,0.0021890625,-0.00025733470050456637
1.936e-07,0.0021909375,0.00020992261336380704
1.938e-07,0.00222,0.0006423507180083284
1.94e-07,0.0021890625,0.0001975309439043432
1.942e-07,0.00204,0.00010298149321775267
1.944e-07,0.002116875,0.000424832088226495
1.946e-07,0.0022040625,0.00014613411083141972
1.948e-07,0.002115,4.771459433117967e-05
1.95e-07,0.002265,-9.831831035157997e-05
1.952e-07,0.00222,6.944154550851999e-05
1.954e-07,0.0021159375,3.3652623704957306e-05
1.956e-07,0.00219,0.0002676636140446356
1.958e-07,0.0022040625,-0.0002846747880352964
1.96e-07,0.002115,2.6859063138037826e-05
1.962e-07,0.0022209375,3.0465832086763424e-05
1.964e-07,0.00216,-0.00010095106014028102
1.966e-07,0.0020540625,-0.00014870473883594714
1.968e-07,0.0021609375,-4.4156254019856224e-05
1.97e-07,0.0022790625,-0.00029825396943776325
1.972e-07,0.0021459375,-4.1489906450057194e-05
1.974e-07,0.002145,-0.00017274954741993545
1.976e-07,0.0021909375,0.00020877960611463065
1.978e-07,0.0020840625,0.0001877840892918368
1.98e-07,0.0020990625,-4.677129981202184e-05
1.982e-07,0.00219,0.00010877321216903249
1.984e-07,0.002175,-1.7832716763223198e-05
1.986e-07,0.002145,-7.3199155017721e-06
1.988e-07,0.001995,-0.0004093406150757887
1.99e-07,0.0021609375,6.589817765681446e-05
1.992e-07,0.002235,-4.369753281159033e-05
1.994e-07,0.002173125,-0.00019199944400106157
1.996e-07,0.0021309375,9.386638287794556e-05
1.998e-07,0.002055,-0.0002779162593647327
